X1,student_ID,Partner Status,Gender,Age,company_ID,job_title,mailing_city,course_start_date
1,student_1,Non Partner,Male,27,NA,Business Systems Development Analyst,Labin,16/09/2017
2,student_2,Non Partner,Male,37,NA,Staff Accountant IV,Campok,04/01/2016
3,student_3,Hiring Partner,Female,33,company_2,General Manager,Campo de la Cruz,17/04/2019
4,student_4,Hiring Partner,Female,39,company_2,Developer I,Shah Alam,26/05/2019
5,student_5,Hiring Partner,Male,27,company_3,Information Systems Manager,Maruoka,26/11/2017
6,student_6,Hiring Partner,Female,34,company_359,Cost Accountant,Jiaxing,04/03/2018
7,student_7,Non Partner,Female,54,company_359,Electrical Engineer,Kol’chugino,11/11/2017
8,student_8,Non Partner,Male,31,company_359,Administrative Assistant I,Buenos Aires,03/08/2018
9,student_9,Non Partner,Male,51,company_594,Assistant Professor,Pak Phayun,30/08/2018
10,student_10,Non Partner,Male,49,company_159,Physical Therapy Assistant,Järna,10/04/2018
11,student_11,Non Partner,Male,31,company_157,Senior Quality Engineer,Xieba,08/10/2017
12,student_12,Non Partner,Male,52,company_605,Computer Systems Analyst I,La Guadalupe,19/01/2016
13,student_13,Hiring Partner,Male,35,company_4,Analog Circuit Design manager,Szczawno-Zdrój,12/02/2019
14,student_14,Hiring Partner,Male,34,company_101,Electrical Engineer,Napnapan,21/06/2017
15,student_15,Hiring Partner,Female,37,company_101,Assistant Professor,Capinzal,28/10/2017
16,student_16,Hiring Partner,Male,39,company_101,Associate Professor,Abaca,21/09/2018
17,student_17,Hiring Partner,Male,27,company_101,Food Chemist,Kallíthiron,02/09/2019
18,student_18,Hiring Partner,Male,33,company_101,Occupational Therapist,Karangpari,02/12/2018
19,student_19,Hiring Partner,Female,40,company_101,Technical Writer,Muraloka,10/03/2016
20,student_20,Hiring Partner,Male,43,company_101,Safety Technician I,Rawawilis,05/02/2019
21,student_21,Hiring Partner,Male,38,company_101,VP Accounting,Xinzhu,19/01/2017
22,student_22,Hiring Partner,Male,32,company_5,Research Nurse,Komaki,30/12/2018
23,student_23,Hiring Partner,Female,25,company_5,Sales Representative,Paraíso das Águas,19/02/2018
24,student_24,Hiring Partner,Female,0,company_5,Marketing Assistant,Liloan,14/01/2019
25,student_25,Hiring Partner,Male,31,company_5,Software Test Engineer III,Kaset Wisai,18/04/2019
26,student_26,Hiring Partner,Male,31,company_5,Human Resources Manager,Caridad,20/09/2019
27,student_27,Hiring Partner,Female,33,company_5,VP Sales,Jelah,11/03/2019
28,student_28,Non Partner,Male,33,NA,Structural Engineer,Chuntai,16/02/2019
29,student_29,Non Partner,Male,33,NA,Developer III,Paderne,20/08/2018
30,student_30,Hiring Partner,Male,36,company_414,Research Assistant I,Lenart v Slov. Goricah,28/10/2018
31,student_31,Non Partner,Male,30,NA,Actuary,Choros,20/11/2017
32,student_32,Hiring Partner,Male,30,company_6,Internal Auditor,Kuvandyk,21/02/2018
33,student_33,Hiring Partner,Male,36,company_6,Programmer II,Xinglong,15/03/2018
34,student_34,Hiring Partner,Male,32,company_6,Payment Adjustment Coordinator,Nyakhachava,30/05/2017
35,student_35,Hiring Partner,Male,32,company_6,Geologist II,Sarana,03/08/2019
36,student_36,Hiring Partner,Female,25,company_6,Sales Associate,Pendawanbaru,27/07/2016
37,student_37,Hiring Partner,Female,49,company_6,Director of Sales,Houston,03/03/2019
38,student_38,Hiring Partner,Female,29,company_777,Occupational Therapist,Lapas,26/12/2018
39,student_39,Hiring Partner,Female,29,company_777,Senior Quality Engineer,Czarna Białostocka,15/04/2016
40,student_40,Non Partner,Male,34,company_777,Analog Circuit Design manager,Bến Cầu,05/04/2018
41,student_41,Non Partner,Female,29,company_777,Desktop Support Technician,Pujocucho,19/06/2016
42,student_42,Non Partner,Male,29,company_416,Software Consultant,San Pedro de Lloc,30/09/2016
43,student_43,Non Partner,Male,4,company_613,Help Desk Technician,Couço,05/06/2019
44,student_44,Non Partner,Female,42,company_760,Environmental Specialist,Danyang,07/05/2019
45,student_45,Hiring Partner,Female,33,company_565,Sales Representative,Paoay,17/08/2016
46,student_46,Non Partner,Male,28,company_812,Speech Pathologist,San Juan,17/11/2018
47,student_47,Non Partner,Male,41,company_615,Operator,Dawu Chengguanzhen,17/01/2018
48,student_48,Hiring Partner,Male,30,company_366,Registered Nurse,Alexandria,14/02/2018
49,student_49,Hiring Partner,Male,32,company_366,General Manager,San Antonio Suchitepéquez,21/09/2017
50,student_50,Non Partner,Male,38,company_443,Data Coordiator,Iksha,10/05/2019
51,student_51,Hiring Partner,Male,57,company_347,Automation Specialist IV,Manado,11/05/2017
52,student_52,Hiring Partner,Female,0,company_347,Staff Scientist,Sirājganj,01/08/2019
53,student_53,Hiring Partner,Male,0,company_347,Media Manager II,Calape,27/02/2017
54,student_54,Non Partner,Male,24,company_347,Office Assistant III,Hämeenkoski,20/10/2016
55,student_55,Hiring Partner,Male,33,company_348,Director of Sales,Doghs,21/02/2019
56,student_56,Hiring Partner,Male,35,company_348,Software Test Engineer IV,Francisco I Madero,02/07/2016
57,student_57,Hiring Partner,Female,29,company_348,Human Resources Assistant I,Ivanovka,23/10/2018
58,student_58,Hiring Partner,Female,32,company_348,Help Desk Technician,Francisco I Madero,20/01/2018
59,student_59,Hiring Partner,Male,0,company_348,Office Assistant II,Yong’an,20/10/2016
60,student_60,Hiring Partner,Male,31,company_348,Programmer Analyst IV,Bilao,16/05/2016
61,student_61,Hiring Partner,Male,48,company_348,Senior Sales Associate,Novyy Karachay,20/04/2018
62,student_62,Non Partner,Male,29,company_600,Senior Sales Associate,Vithkuq,03/11/2016
63,student_63,Hiring Partner,Male,30,company_167,Assistant Professor,Parbatipur,04/08/2016
64,student_64,Hiring Partner,Female,31,company_167,Assistant Media Planner,Dengteke,29/10/2017
65,student_65,Hiring Partner,Male,28,company_167,Senior Quality Engineer,Huanghu,29/04/2019
66,student_66,Non Partner,Male,39,company_365,Occupational Therapist,Xiaoshi,09/09/2019
67,student_67,Non Partner,Female,33,company_365,Assistant Manager,Nova Viçosa,13/06/2017
68,student_68,Non Partner,Male,46,company_365,General Manager,Woodford Hill,15/10/2017
69,student_69,Non Partner,Male,52,company_365,Data Coordiator,Rongcheng,02/12/2016
70,student_70,Non Partner,Male,28,company_382,Research Nurse,Zhangshui,20/06/2019
71,student_71,Non Partner,Male,26,company_382,Social Worker,Pointe-à-Pitre,02/12/2016
72,student_72,Non Partner,Male,25,company_382,Assistant Manager,Corroios,29/06/2018
73,student_73,Non Partner,Male,38,company_382,Nuclear Power Engineer,Muleng,08/09/2018
74,student_74,Non Partner,Female,33,company_382,Account Representative III,Baoquanshan,30/11/2016
75,student_75,Hiring Partner,Male,30,company_12,Dental Hygienist,Uddevalla,16/01/2018
76,student_76,Hiring Partner,Female,32,company_12,Chemical Engineer,Huaqiao,26/09/2019
77,student_77,Hiring Partner,Male,38,company_12,Accountant I,Wolbrom,21/10/2017
78,student_78,Hiring Partner,Female,35,company_12,Teacher,Zhongba,09/05/2018
79,student_79,Hiring Partner,Male,35,company_12,Help Desk Operator,Aucayacu,27/06/2018
80,student_80,Hiring Partner,Female,46,company_12,Chief Design Engineer,Carbonear,26/06/2019
81,student_81,Hiring Partner,Female,58,company_12,Accountant II,Mishima,26/08/2016
82,student_82,Hiring Partner,Male,30,company_12,Help Desk Technician,Dungloe,05/04/2019
83,student_83,Non Partner,Male,32,company_400,Sales Representative,Reguengos de Monsaraz,24/07/2018
84,student_84,Non Partner,Male,29,company_407,Statistician I,Padangpanjang,30/06/2019
85,student_85,Hiring Partner,Prefer not to say,27,company_190,Programmer II,Faruka,01/03/2017
86,student_86,Hiring Partner,Male,28,company_740,Computer Systems Analyst IV,Vinha,10/09/2019
87,student_87,Hiring Partner,Male,30,company_740,Biostatistician III,Cairo,26/09/2016
88,student_88,Hiring Partner,Female,26,company_740,Teacher,Indaial,01/09/2016
89,student_89,Hiring Partner,Male,45,company_740,Software Test Engineer I,Xiaoweizhai,10/12/2017
90,student_90,Hiring Partner,Male,33,company_629,Design Engineer,Itaguaí,15/07/2017
91,student_91,Hiring Partner,Male,27,company_629,Community Outreach Specialist,Prnjavor,11/05/2017
92,student_92,Hiring Partner,Male,30,company_629,Registered Nurse,Balpyk Bī,05/05/2016
93,student_93,Non Partner,Female,27,company_629,Chief Design Engineer,Balakasap,02/03/2018
94,student_94,Non Partner,Female,53,company_396,Sales Associate,Lāliān,05/08/2018
95,student_95,Non Partner,Female,33,company_448,Staff Scientist,Ibung,03/01/2016
96,student_96,Hiring Partner,Male,46,company_128,Product Engineer,Catende,27/09/2019
97,student_97,Hiring Partner,Female,33,company_128,Systems Administrator I,Bulembu,06/08/2018
98,student_98,Non Partner,Male,43,company_409,Junior Executive,Sungailiat,12/06/2016
99,student_99,Hiring Partner,Male,26,company_647,Chemical Engineer,Quinta da Courela,13/11/2016
100,student_100,Hiring Partner,Male,28,company_148,Nurse Practicioner,Changxing,20/06/2016
101,student_101,Hiring Partner,Male,32,company_148,Electrical Engineer,Xipu,14/08/2017
102,student_102,Non Partner,Female,0,company_700,Software Test Engineer IV,Cachoeira,04/06/2018
103,student_103,Non Partner,Female,24,company_843,Analyst Programmer,Knoxville,16/09/2016
104,student_104,Hiring Partner,Female,35,company_153,Business Systems Development Analyst,São Borja,17/04/2017
105,student_105,Hiring Partner,Male,35,company_15,Engineer III,Sitangkai,28/07/2019
106,student_106,Hiring Partner,Male,27,company_15,Programmer Analyst II,Isniq,29/06/2019
107,student_107,Hiring Partner,Male,37,company_15,VP Product Management,Tolbazy,20/10/2016
108,student_108,Non Partner,Male,30,company_360,Recruiter,Souran,26/02/2016
109,student_109,Non Partner,Male,0,company_360,Systems Administrator II,Mungkin,09/12/2018
110,student_110,Hiring Partner,Male,33,company_567,Financial Advisor,Nigríta,02/05/2019
111,student_111,Hiring Partner,Male,29,company_195,Engineer IV,Bang Mun Nak,28/01/2017
112,student_112,Hiring Partner,Female,41,company_195,Assistant Professor,Karano,07/08/2016
113,student_113,Hiring Partner,Female,29,company_195,Accounting Assistant I,Mlawe,27/07/2018
114,student_114,Hiring Partner,Female,28,company_13,Marketing Assistant,Osiek,28/08/2017
115,student_115,Hiring Partner,Male,41,company_451,Recruiter,Huilong,11/01/2016
116,student_116,Hiring Partner,Male,26,company_451,Executive Secretary,Solosolo,01/06/2019
117,student_117,Hiring Partner,Male,33,company_100,Social Worker,Kolyshley,12/04/2018
118,student_118,Hiring Partner,Male,29,company_100,Sales Associate,Botshabelo,15/04/2018
119,student_119,Hiring Partner,Male,54,company_100,Payment Adjustment Coordinator,Na Chueak,23/06/2018
120,student_120,Non Partner,Male,47,company_619,Assistant Manager,Krasnolesnyy,20/05/2017
121,student_121,Hiring Partner,Male,43,company_16,Help Desk Operator,Gaoyi,07/01/2017
122,student_122,Hiring Partner,Male,33,company_369,Environmental Specialist,Deskle,20/04/2018
123,student_123,Hiring Partner,Male,30,company_369,Analyst Programmer,Itamarandiba,27/04/2016
124,student_124,Non Partner,Female,33,company_377,Tax Accountant,Charlotte,30/08/2017
125,student_125,Hiring Partner,Male,31,company_119,Quality Control Specialist,El Calafate,15/08/2018
126,student_126,Non Partner,Female,34,company_367,Administrative Assistant I,Oslo,14/03/2019
127,student_127,Non Partner,Male,34,company_778,Research Associate,Jinping,13/01/2019
128,student_128,Non Partner,Female,31,company_486,Systems Administrator II,Nereta,25/08/2016
129,student_129,Non Partner,Male,27,company_486,Staff Scientist,Guhuai,27/02/2017
130,student_130,Non Partner,Male,0,company_486,Electrical Engineer,Yam,04/08/2017
131,student_131,Non Partner,Female,33,company_486,Quality Control Specialist,Ulaanbaatar,10/02/2018
132,student_132,Non Partner,Male,30,company_486,Graphic Designer,Ouani,18/08/2019
133,student_133,Non Partner,Male,28,company_486,GIS Technical Architect,Axili,20/03/2016
134,student_134,Non Partner,Male,30,company_486,Research Associate,Padang,18/02/2016
135,student_135,Non Partner,Male,35,company_486,Computer Systems Analyst IV,Chunxi,17/12/2016
136,student_136,Non Partner,Male,41,company_486,Research Associate,Stockholm,19/04/2017
137,student_137,Non Partner,Male,37,company_486,Media Manager I,Kalenderovci Donji,14/04/2016
138,student_138,Non Partner,Female,34,company_486,VP Product Management,Muriaé,23/07/2019
139,student_139,Non Partner,Male,37,company_486,Computer Systems Analyst III,Tomilino,26/05/2017
140,student_140,Non Partner,Female,36,company_486,Account Coordinator,Xujiahe,25/03/2017
141,student_141,Non Partner,Male,35,company_486,Engineer I,Shuangzhong,02/02/2017
142,student_142,Non Partner,Male,35,company_486,Biostatistician III,Kampungraja,19/08/2017
143,student_143,Non Partner,Female,27,company_486,Professor,Lushnjë,21/02/2017
144,student_144,Non Partner,Female,29,company_486,Research Nurse,Kentville,08/07/2016
145,student_145,Non Partner,Female,41,company_486,Database Administrator I,São Brás de Alportel,26/05/2018
146,student_146,Hiring Partner,Male,0,company_722,VP Sales,Cancas,15/03/2019
147,student_147,Hiring Partner,Male,35,company_355,Nuclear Power Engineer,Sanrao,30/11/2017
148,student_148,Hiring Partner,Male,27,company_355,Librarian,Apače,23/05/2016
149,student_149,Hiring Partner,Male,34,company_690,Nurse Practicioner,Olafulihaa,04/05/2018
150,student_150,Non Partner,Male,35,NA,Business Systems Development Analyst,Pondokaso,24/04/2018
151,student_151,Non Partner,Male,40,company_598,Automation Specialist III,Shenzhengqiao,10/02/2019
152,student_152,Hiring Partner,Male,25,company_18,Quality Control Specialist,Metchosin,08/03/2017
153,student_153,Hiring Partner,Male,32,company_568,Quality Control Specialist,Tuqiao,09/08/2018
154,student_154,Hiring Partner,Male,34,company_611,Staff Scientist,Washington,21/03/2017
155,student_155,Non Partner,Male,4,company_614,Nurse Practicioner,Cikaludan,09/06/2017
156,student_156,Hiring Partner,Male,34,company_19,Tax Accountant,Naghalin,22/06/2016
157,student_157,Hiring Partner,Male,38,company_19,VP Accounting,Dongla,11/03/2019
158,student_158,Hiring Partner,Male,24,company_19,GIS Technical Architect,Labège,29/04/2018
159,student_159,Hiring Partner,Male,41,company_19,Software Consultant,Lagoa,07/10/2018
160,student_160,Hiring Partner,Male,38,company_19,GIS Technical Architect,No Kunda,22/10/2016
161,student_161,Hiring Partner,Male,36,company_19,Administrative Assistant IV,Leleque,20/05/2017
162,student_162,Hiring Partner,Male,26,company_19,General Manager,Stockholm,06/04/2017
163,student_163,Hiring Partner,Male,44,company_19,Chief Design Engineer,Huelkail,27/07/2017
164,student_164,Hiring Partner,Male,24,company_19,Biostatistician II,Mirošov,08/02/2019
165,student_165,Hiring Partner,Male,32,company_19,Senior Developer,Ciudad Bolívar,04/05/2019
166,student_166,Hiring Partner,Male,4,company_19,Geological Engineer,Iparia,22/07/2018
167,student_167,Hiring Partner,Female,0,company_19,Analog Circuit Design manager,Gospić,25/08/2017
168,student_168,Hiring Partner,Male,29,company_19,Actuary,Pinghu,23/08/2017
169,student_169,Hiring Partner,Male,0,company_19,Programmer III,Hwangju-ŭp,07/03/2017
170,student_170,Hiring Partner,Male,56,company_19,Chemical Engineer,Tumpang Satu,23/07/2019
171,student_171,Hiring Partner,Male,35,company_19,Community Outreach Specialist,Taiping,31/07/2019
172,student_172,Hiring Partner,Male,35,company_19,Food Chemist,Agua Buena,01/11/2018
173,student_173,Hiring Partner,Female,29,company_19,Senior Developer,Tilburg,12/05/2017
174,student_174,Hiring Partner,Male,31,company_19,Nurse,Levallois-Perret,15/11/2016
175,student_175,Hiring Partner,Female,36,company_19,VP Sales,Mokotów,04/03/2016
176,student_176,Hiring Partner,Female,29,company_19,Community Outreach Specialist,Karangasem Laok,17/01/2017
177,student_177,Hiring Partner,Male,27,company_726,Developer II,Greenville,30/08/2018
178,student_178,Non Partner,Male,38,company_582,Compensation Analyst,Kalmar,20/08/2016
179,student_179,Hiring Partner,Male,32,company_83,Administrative Assistant I,Ngantru,25/03/2016
180,student_180,Hiring Partner,Female,31,company_83,Tax Accountant,Châteauroux,27/05/2019
181,student_181,Hiring Partner,Male,26,company_83,Sales Associate,Świdwin,15/03/2019
182,student_182,Hiring Partner,Female,32,company_83,Desktop Support Technician,Guozhuang,11/08/2017
183,student_183,Hiring Partner,Female,31,company_671,Sales Associate,Nama,03/01/2016
184,student_184,Hiring Partner,Male,33,company_424,Nurse,Shebekino,30/05/2018
185,student_185,Hiring Partner,Female,26,company_406,Desktop Support Technician,Česká Skalice,26/11/2016
186,student_186,Hiring Partner,Female,0,company_21,Software Consultant,Dadus,13/11/2016
187,student_187,Hiring Partner,Male,26,company_21,Payment Adjustment Coordinator,Pospelikha,09/05/2018
188,student_188,Non Partner,Male,34,NA,Staff Scientist,Arivonimamo,28/04/2019
189,student_189,Hiring Partner,Male,34,company_23,Nurse,Novalja,03/02/2018
190,student_190,Hiring Partner,Female,38,company_23,Software Engineer I,Duyun,11/07/2016
191,student_191,Hiring Partner,Male,28,company_23,Software Test Engineer II,La Asunción,10/07/2016
192,student_192,Non Partner,Male,35,company_450,Accounting Assistant IV,Strömsnäsbruk,05/04/2017
193,student_193,Hiring Partner,Male,31,company_63,Cost Accountant,Diaowei,04/08/2018
194,student_194,Hiring Partner,Male,28,company_708,Software Consultant,Mizur,31/12/2017
195,student_195,Hiring Partner,Male,27,company_806,Registered Nurse,Suhe,28/01/2018
196,student_196,Hiring Partner,Female,29,company_410,Project Manager,Ciego de Ávila,23/01/2017
197,student_197,Hiring Partner,Male,29,company_410,Quality Control Specialist,Iida,31/07/2017
198,student_198,Hiring Partner,Female,25,company_410,Information Systems Manager,Xinle,19/09/2019
199,student_199,Non Partner,Male,0,company_370,Account Coordinator,Gangshangji,02/04/2017
200,student_200,Non Partner,Male,27,company_358,Senior Quality Engineer,Calzada Larga,28/03/2016
201,student_201,Non Partner,Female,34,company_358,GIS Technical Architect,Lugovoy,09/02/2016
202,student_202,Non Partner,Male,31,company_358,Sales Representative,Jutrosin,13/07/2019
203,student_203,Non Partner,Male,0,company_596,Media Manager III,Jhumra,08/01/2017
204,student_204,Non Partner,Male,26,NA,Web Developer I,Sebasang,07/10/2016
205,student_205,Hiring Partner,Male,34,company_26,Paralegal,Khallat Şāliḩ,12/09/2016
206,student_206,Hiring Partner,Male,34,company_26,Design Engineer,Wiset Chaichan,02/10/2016
207,student_207,Hiring Partner,Female,39,company_26,Nuclear Power Engineer,Cartago,07/09/2017
208,student_208,Hiring Partner,Male,26,company_26,Marketing Assistant,Diadi,08/12/2018
209,student_209,Non Partner,Male,0,company_616,Human Resources Manager,Pogwizdów,25/09/2018
210,student_210,Hiring Partner,Male,28,company_120,Paralegal,Sumuragung,27/03/2017
211,student_211,Non Partner,Male,61,company_609,Physical Therapy Assistant,Liushutun,01/03/2019
212,student_212,Hiring Partner,Male,32,company_27,Human Resources Assistant II,Yanshan,23/04/2016
213,student_213,Hiring Partner,Male,27,company_25,Nurse Practicioner,Hengxizhen,06/08/2017
214,student_214,Non Partner,Male,38,company_25,General Manager,Awayan,14/09/2017
215,student_215,Non Partner,Male,32,company_706,Programmer Analyst III,Skiáthos,22/06/2018
216,student_216,Hiring Partner,Male,38,company_86,VP Product Management,Baranti,18/01/2016
217,student_217,Hiring Partner,Male,60,company_86,Staff Accountant I,Abang,12/01/2017
218,student_218,Hiring Partner,Male,44,company_28,Senior Quality Engineer,Nyandoma,13/07/2017
219,student_219,Hiring Partner,Female,33,company_28,Help Desk Operator,Outokumpu,18/11/2017
220,student_220,Non Partner,Male,46,company_186,Librarian,Pau,25/02/2019
221,student_221,Non Partner,Male,27,company_604,Web Developer II,Karangduren Dua,24/09/2018
222,student_222,Non Partner,Female,27,company_30,Marketing Assistant,Jadowniki,26/01/2016
223,student_223,Non Partner,Female,0,company_362,Operator,Wolomarang,04/06/2018
224,student_224,Non Partner,Female,26,company_362,VP Accounting,Ashkāsham,12/08/2017
225,student_225,Non Partner,Female,36,NA,Help Desk Operator,Jiangfeng,10/04/2016
226,student_226,Non Partner,Male,37,company_662,Financial Analyst,Lučko,27/03/2017
227,student_227,Non Partner,Male,26,company_662,Community Outreach Specialist,Chenzui,01/05/2016
228,student_228,Hiring Partner,Male,29,company_33,Community Outreach Specialist,Qijia,04/02/2018
229,student_229,Hiring Partner,Male,37,company_109,Office Assistant III,Chřibská,05/01/2017
230,student_230,Non Partner,Female,30,company_109,Marketing Assistant,Panjir,08/11/2016
231,student_231,Non Partner,Male,39,company_618,Human Resources Manager,Lianzhou,24/08/2017
232,student_232,Non Partner,Female,35,NA,Accountant III,Novoanninskiy,27/09/2018
233,student_233,Hiring Partner,Female,34,company_34,Chemical Engineer,Chengyue,04/08/2018
234,student_234,Hiring Partner,Male,0,company_34,Social Worker,Olympia,12/01/2018
235,student_235,Non Partner,Female,30,company_196,Actuary,Tanggung,23/10/2017
236,student_236,Non Partner,Male,27,NA,Senior Cost Accountant,Łobżenica,02/10/2017
237,student_237,Non Partner,Female,29,company_298,Software Engineer IV,Cherga,02/09/2019
238,student_238,Non Partner,Male,30,company_583,Account Coordinator,Makedonski Brod,10/05/2016
239,student_239,Hiring Partner,Female,29,company_35,Operator,Cajueiro,12/12/2018
240,student_240,Hiring Partner,Male,28,company_35,Community Outreach Specialist,Göteborg,11/11/2016
241,student_241,Hiring Partner,Female,38,company_35,Internal Auditor,Diepsloot,11/05/2018
242,student_242,Hiring Partner,Female,41,company_35,Food Chemist,Na Chaluai,25/09/2018
243,student_243,Hiring Partner,Male,25,company_35,Junior Executive,Wanglian,06/08/2017
244,student_244,Non Partner,Male,24,NA,Web Designer III,Virovitica,03/03/2019
245,student_245,Hiring Partner,Male,4,company_36,Human Resources Assistant II,Longmen,20/02/2016
246,student_246,Hiring Partner,Male,40,company_36,Internal Auditor,Lewotola,29/11/2017
247,student_247,Hiring Partner,Male,33,company_36,Technical Writer,Yanggan,25/07/2018
248,student_248,Hiring Partner,Male,24,company_36,Director of Sales,Keumala,10/02/2017
249,student_249,Hiring Partner,Male,32,company_36,Graphic Designer,Omaha,16/10/2016
250,student_250,Hiring Partner,Female,26,company_36,Environmental Tech,Yablochnyy,08/10/2017
251,student_251,Hiring Partner,Male,26,company_105,Accountant II,Arísvi,17/09/2016
252,student_252,Non Partner,Male,30,company_607,Junior Executive,San Antonio,14/04/2018
253,student_253,Non Partner,Male,4,company_328,Structural Engineer,Shuhe,21/10/2016
254,student_254,Non Partner,Male,27,company_621,Automation Specialist II,Slavs’ke,25/03/2017
255,student_255,Non Partner,Male,40,NA,Research Assistant III,Łobodno,10/03/2016
256,student_256,Hiring Partner,Male,28,NA,Community Outreach Specialist,Nobres,24/07/2018
257,student_257,Hiring Partner,Female,38,company_312,Product Engineer,Boromlya,09/04/2016
258,student_258,Hiring Partner,Female,39,company_312,Biostatistician III,Nularan,25/03/2017
259,student_259,Hiring Partner,Female,33,company_312,Operator,Amga,17/12/2018
260,student_260,Non Partner,Female,30,company_465,Operator,Logon,02/06/2016
261,student_261,Hiring Partner,Male,30,company_436,Professor,Kesha,28/06/2017
262,student_262,Hiring Partner,Female,32,company_116,Social Worker,General José de San Martín,16/03/2017
263,student_263,Hiring Partner,Male,34,company_116,Help Desk Technician,Nový Malín,14/09/2016
264,student_264,Hiring Partner,Female,30,company_116,Software Engineer II,Kurunegala,10/09/2019
265,student_265,Hiring Partner,Female,29,company_123,Database Administrator III,Várzeas,20/03/2016
266,student_266,Hiring Partner,Female,41,company_123,Help Desk Technician,Rafaḩ,08/10/2017
267,student_267,Hiring Partner,Male,32,company_123,Graphic Designer,Ajaccio,07/03/2018
268,student_268,Non Partner,Male,33,company_608,Web Designer II,Badeggi,23/12/2016
269,student_269,Hiring Partner,Male,27,company_39,Account Representative II,Igarassu,13/08/2018
270,student_270,Hiring Partner,Male,38,company_39,Marketing Assistant,Jajar,30/09/2016
271,student_271,Hiring Partner,Male,32,company_39,Data Coordiator,Siwalan,10/07/2017
272,student_272,Hiring Partner,Male,0,company_39,Junior Executive,Kristinestad,14/01/2016
273,student_273,Hiring Partner,Male,0,company_39,Automation Specialist III,Ágios Athanásios,28/08/2018
274,student_274,Hiring Partner,Male,32,company_39,Senior Developer,Mingjing,07/04/2019
275,student_275,Hiring Partner,Male,41,company_39,Administrative Officer,Jiahe,29/04/2018
276,student_276,Hiring Partner,Male,35,company_39,Marketing Assistant,Santa Cruz,19/10/2018
277,student_277,Hiring Partner,Male,33,company_39,Administrative Assistant IV,Daduchuan,01/05/2018
278,student_278,Hiring Partner,Female,27,company_39,VP Sales,Santa Bárbara de Padrões,30/09/2017
279,student_279,Hiring Partner,Male,36,company_39,VP Quality Control,Hudong,20/01/2017
280,student_280,Hiring Partner,Male,46,company_39,Account Coordinator,Tsenher,26/08/2016
281,student_281,Hiring Partner,Male,36,company_39,Assistant Professor,Talanga,19/05/2018
282,student_282,Hiring Partner,Female,32,company_39,Sales Associate,Viana do Alentejo,10/04/2019
283,student_283,Hiring Partner,Male,28,company_39,Assistant Media Planner,Ji’an,18/08/2018
284,student_284,Hiring Partner,Male,28,company_39,VP Sales,Argir,16/12/2016
285,student_285,Hiring Partner,Male,47,company_39,Research Associate,Ţayyibat al Imām,02/04/2018
286,student_286,Hiring Partner,Male,32,company_39,Marketing Manager,Qiashui,28/07/2018
287,student_287,Hiring Partner,Female,32,company_39,Biostatistician III,Dologon,30/07/2017
288,student_288,Hiring Partner,Male,29,company_39,Nuclear Power Engineer,Montpellier,03/08/2016
289,student_289,Hiring Partner,Male,31,company_39,VP Accounting,Goiana,15/05/2019
290,student_290,Non Partner,Female,0,company_585,Mechanical Systems Engineer,Facatativá,07/09/2017
291,student_291,Non Partner,Male,4,company_620,Actuary,Lille,13/01/2019
292,student_292,Hiring Partner,Male,22,company_102,Actuary,Dayr Sāmit,30/01/2018
293,student_293,Hiring Partner,Male,36,company_41,Computer Systems Analyst IV,Manzanares,27/02/2016
294,student_294,Hiring Partner,Female,0,company_40,Research Associate,Habartov,03/11/2016
295,student_295,Hiring Partner,Female,48,company_40,Software Engineer II,Fernando Gutierrez Barrios,15/08/2018
296,student_296,Hiring Partner,Female,28,company_40,Sales Associate,Butuan,06/05/2016
297,student_297,Hiring Partner,Male,35,company_40,Mechanical Systems Engineer,Zouérat,29/07/2016
298,student_298,Hiring Partner,Male,36,company_40,Community Outreach Specialist,Vaitape,17/11/2016
299,student_299,Hiring Partner,Male,30,company_40,Legal Assistant,Charlotte,12/06/2016
300,student_300,Non Partner,Male,26,company_599,Product Engineer,Batatais,06/08/2019
301,student_301,Non Partner,Male,0,company_301,Cost Accountant,Chechenglu,11/03/2018
302,student_302,Hiring Partner,Female,32,company_427,Editor,Łękawica,19/11/2017
303,student_303,Hiring Partner,Male,48,company_427,Software Consultant,Koilás,25/02/2016
304,student_304,Hiring Partner,Male,28,company_427,Graphic Designer,Libertad,25/03/2016
305,student_305,Hiring Partner,Male,40,company_427,Payment Adjustment Coordinator,Strzyżowice,25/04/2019
306,student_306,Hiring Partner,Male,37,company_427,Automation Specialist II,Las Varas,22/05/2019
307,student_307,Hiring Partner,Female,29,company_427,Teacher,Banjar Tengah,23/05/2017
308,student_308,Hiring Partner,Male,27,company_427,Compensation Analyst,Krajan Gebangan,21/02/2016
309,student_309,Hiring Partner,Male,34,company_427,Geologist III,Karlskoga,20/04/2016
310,student_310,Hiring Partner,Female,0,company_427,Web Developer I,Budy,12/08/2019
311,student_311,Hiring Partner,Female,0,company_427,Senior Sales Associate,Hanzhong,13/04/2017
312,student_312,Hiring Partner,Female,0,company_427,Accountant II,Viña del Mar,20/02/2019
313,student_313,Hiring Partner,Male,0,company_427,Mechanical Systems Engineer,Masaki-chō,23/12/2016
314,student_314,Hiring Partner,Female,0,company_427,Administrative Officer,Jiusi,03/10/2019
315,student_315,Hiring Partner,Male,35,company_427,Legal Assistant,Uthai Thani,16/09/2016
316,student_316,Hiring Partner,Male,28,company_427,Administrative Officer,Salamanca,22/03/2017
317,student_317,Hiring Partner,Male,38,company_427,Research Nurse,Karangpari,19/07/2017
318,student_318,Hiring Partner,NA,0,company_427,VP Marketing,Sriwing,18/04/2019
319,student_319,Hiring Partner,NA,0,company_427,Developer II,Severnyy,03/03/2018
320,student_320,Hiring Partner,Male,48,company_427,Senior Financial Analyst,Balagon,30/11/2018
321,student_321,Hiring Partner,Female,0,company_427,Structural Analysis Engineer,Banawang,21/01/2019
322,student_322,Non Partner,Female,31,company_427,Product Engineer,Huajie,15/11/2017
323,student_323,Non Partner,Male,26,company_273,Physical Therapy Assistant,Dingjiaqiao,26/11/2018
324,student_324,Non Partner,Female,37,company_610,Senior Developer,Maxixe,12/09/2018
325,student_325,Hiring Partner,Female,0,company_42,Librarian,Ganping,09/09/2019
326,student_326,Hiring Partner,Male,26,company_42,VP Accounting,San Juan de Limay,21/08/2017
327,student_327,Non Partner,Male,0,company_329,Chemical Engineer,Yongjiu,10/01/2018
328,student_328,Hiring Partner,Male,43,company_143,Junior Executive,Pretoria,16/11/2018
329,student_329,Non Partner,Male,30,company_314,Sales Representative,Xingang,06/04/2019
330,student_330,Non Partner,Female,31,company_314,Speech Pathologist,Miami,08/04/2016
331,student_331,Non Partner,Female,27,company_661,Cost Accountant,Denton,21/06/2018
332,student_332,Non Partner,Female,28,company_331,Environmental Tech,Kure,22/04/2017
333,student_333,Hiring Partner,Female,38,company_133,Civil Engineer,Bilüü,12/07/2018
334,student_334,Hiring Partner,Male,36,company_452,Financial Advisor,Mizusawa,04/12/2017
335,student_335,Non Partner,Male,0,company_452,Information Systems Manager,San Diego,08/08/2018
336,student_336,Hiring Partner,Female,5,company_44,Safety Technician I,Złocieniec,24/01/2017
337,student_337,Non Partner,Male,33,company_44,Quality Control Specialist,Ma Đa Gui,15/07/2019
338,student_338,Hiring Partner,Male,30,company_431,Automation Specialist II,Khakhea,22/06/2016
339,student_339,Hiring Partner,Male,26,company_431,Registered Nurse,Al Jumūm,20/04/2019
340,student_340,Hiring Partner,Female,29,company_431,Senior Editor,Bajo Naranjillo,20/09/2018
341,student_341,Non Partner,Male,35,company_830,Food Chemist,Yuyue,13/03/2017
342,student_342,Non Partner,Male,29,company_601,Registered Nurse,Huangtan,10/08/2019
343,student_343,Hiring Partner,Male,4,company_46,Information Systems Manager,Xinfengjie,25/11/2017
344,student_344,Hiring Partner,Female,35,company_46,Technical Writer,La Virgen,06/04/2018
345,student_345,Hiring Partner,Male,30,company_276,VP Accounting,Mahdia,12/01/2018
346,student_346,Hiring Partner,Male,26,company_633,Community Outreach Specialist,Newport News,10/08/2018
347,student_347,Hiring Partner,Female,32,company_633,Actuary,Jundian,01/10/2016
348,student_348,Hiring Partner,Male,27,company_8,Recruiter,Pasadena,22/12/2016
349,student_349,Hiring Partner,Male,27,company_8,Programmer IV,Pitangueiras,09/12/2018
350,student_350,Hiring Partner,Male,31,company_47,Desktop Support Technician,Kebonan,03/10/2018
351,student_351,Hiring Partner,Male,26,company_47,Developer IV,Segong,11/04/2019
352,student_352,Non Partner,Male,29,company_295,Developer III,Nong Don,14/12/2017
353,student_353,Non Partner,Male,29,company_295,Tax Accountant,Picton,15/01/2018
354,student_354,Non Partner,Female,32,company_709,Compensation Analyst,Shilovo,29/05/2018
355,student_355,Non Partner,Male,33,NA,Web Designer III,Mont-Saint-Aignan,02/10/2018
356,student_356,Non Partner,Male,4,company_602,Web Developer III,Wudong,23/08/2017
357,student_357,Non Partner,Male,38,company_602,Software Engineer I,Corral de Bustos,12/04/2016
358,student_358,Non Partner,Female,26,company_602,Environmental Specialist,Cardal,18/08/2017
359,student_359,Hiring Partner,Male,29,company_343,Software Test Engineer IV,Saint-Jérôme,25/05/2016
360,student_360,Hiring Partner,Male,30,company_343,Information Systems Manager,Xiaopu,29/05/2017
361,student_361,Hiring Partner,Male,37,company_343,VP Quality Control,Quatá,20/01/2019
362,student_362,Non Partner,Male,28,company_97,Teacher,Rydułtowy,22/01/2016
363,student_363,Hiring Partner,Male,31,company_111,Senior Financial Analyst,Zaječí,20/07/2019
364,student_364,Non Partner,Male,33,company_332,Compensation Analyst,Xufu,06/05/2018
365,student_365,Hiring Partner,Male,28,company_131,Mechanical Systems Engineer,Cartagena,02/01/2018
366,student_366,Non Partner,Male,27,company_280,Research Nurse,Hongjia,26/08/2018
367,student_367,Non Partner,Male,31,company_280,Media Manager III,Kamienna Góra,01/05/2018
368,student_368,Non Partner,Male,31,company_280,Senior Sales Associate,Bontoc,22/02/2018
369,student_369,Non Partner,Male,32,company_695,Physical Therapy Assistant,Ochakiv,09/05/2019
370,student_370,Non Partner,Male,30,company_695,Systems Administrator I,Quế Sơn,26/06/2017
371,student_371,Non Partner,Female,31,company_695,Civil Engineer,Ariana,03/08/2018
372,student_372,Non Partner,Male,28,company_695,Compensation Analyst,Khujirt,16/12/2016
373,student_373,Non Partner,Male,25,company_695,Librarian,Komi,10/09/2018
374,student_374,Non Partner,Male,28,company_695,Sales Representative,Damawato,12/01/2017
375,student_375,Non Partner,Male,36,company_695,Geologist III,Talon,04/06/2019
376,student_376,Non Partner,Male,32,company_695,Junior Executive,Longtang,11/11/2017
377,student_377,Non Partner,Male,27,company_695,Data Coordiator,Bungu,18/09/2017
378,student_378,Non Partner,Female,27,company_695,Information Systems Manager,Gombang,01/07/2018
379,student_379,Non Partner,Female,40,company_695,Operator,Tonghong,27/10/2016
380,student_380,Non Partner,Male,42,company_695,Dental Hygienist,Chikwawa,12/10/2017
381,student_381,Non Partner,Female,44,company_695,Tax Accountant,Esperanza,06/10/2016
382,student_382,Non Partner,Male,30,company_695,Financial Analyst,Chía,09/11/2016
383,student_383,Non Partner,Male,34,company_695,Staff Accountant IV,Soloneshnoye,04/08/2016
384,student_384,Non Partner,Male,27,company_695,Automation Specialist IV,Pasirtujuhpuluh,31/07/2016
385,student_385,Hiring Partner,Female,30,company_423,Budget/Accounting Analyst IV,Gangdong,25/09/2017
386,student_386,Hiring Partner,Male,28,company_282,Marketing Assistant,São João de Meriti,05/05/2019
387,student_387,Hiring Partner,Female,31,company_282,Community Outreach Specialist,Sarapul,26/02/2019
388,student_388,Hiring Partner,Female,30,company_282,Database Administrator II,Limbe,25/11/2017
389,student_389,Hiring Partner,Female,44,company_282,Staff Scientist,Yeniugou,19/07/2018
390,student_390,Non Partner,Male,31,company_282,Legal Assistant,Châu Thành,11/02/2018
391,student_391,Non Partner,Male,36,company_776,Speech Pathologist,Bilshivtsi,13/12/2017
392,student_392,Hiring Partner,Male,29,company_627,Database Administrator IV,Kulunda,26/06/2016
393,student_393,Hiring Partner,Male,31,company_627,General Manager,Longsha,16/07/2019
394,student_394,Hiring Partner,Male,36,company_627,Statistician II,Sanhui,12/08/2018
395,student_395,Hiring Partner,Male,28,company_627,Clinical Specialist,Zaokskiy,03/04/2019
396,student_396,Hiring Partner,Male,33,company_627,Financial Advisor,Buenavista,14/12/2017
397,student_397,Non Partner,Male,27,company_699,Payment Adjustment Coordinator,Bungereng,19/08/2016
398,student_398,Hiring Partner,Male,29,company_657,Biostatistician I,Marseille,14/07/2017
399,student_399,Hiring Partner,Male,31,company_142,Food Chemist,Gasri,06/08/2019
400,student_400,Hiring Partner,Female,39,company_142,Director of Sales,Qaţanah,06/06/2018
401,student_401,Hiring Partner,Male,37,company_142,Budget/Accounting Analyst I,Ban Dan,28/10/2016
402,student_402,Non Partner,Male,25,company_581,Programmer Analyst I,Bengtsfors,07/09/2016
403,student_403,Non Partner,Male,29,NA,Software Engineer II,Houten,08/10/2017
404,student_404,Hiring Partner,Male,30,company_49,Research Assistant III,San Javier,08/04/2016
405,student_405,Hiring Partner,Male,27,company_50,Human Resources Manager,Kowang Utara,06/09/2017
406,student_406,Hiring Partner,Male,50,company_50,Analyst Programmer,Moriguchi,13/03/2019
407,student_407,Hiring Partner,Male,60,company_50,VP Quality Control,Guruyan,17/09/2019
408,student_408,Hiring Partner,Female,34,company_50,Accountant IV,Zagnitkiv,05/12/2017
409,student_409,Hiring Partner,Male,41,company_50,Financial Analyst,Nazaré,06/09/2018
410,student_410,Hiring Partner,Female,31,company_50,VP Accounting,Huajialing,26/06/2019
411,student_411,Hiring Partner,Male,28,company_130,Senior Developer,Paris 17,09/01/2019
412,student_412,Hiring Partner,Male,31,company_478,Actuary,Marne-la-Vallée,10/03/2019
413,student_413,Non Partner,Male,23,NA,Associate Professor,Laojunmiao,08/02/2016
414,student_414,Hiring Partner,Male,33,company_53,Geologist I,La Soledad,03/09/2016
415,student_415,Non Partner,Male,47,company_53,Developer I,Předměřice nad Labem,28/02/2019
416,student_416,Hiring Partner,Female,33,company_55,VP Product Management,Pryamitsyno,27/04/2017
417,student_417,Hiring Partner,Male,0,company_55,Recruiting Manager,Pleasant Point,24/05/2017
418,student_418,Hiring Partner,Female,35,company_55,Analyst Programmer,Hongshan,16/01/2017
419,student_419,Hiring Partner,Male,29,company_55,Programmer Analyst I,Decatur,31/10/2018
420,student_420,Hiring Partner,Female,38,company_55,Web Designer III,Ribeirão Pires,11/06/2017
421,student_421,Hiring Partner,Male,28,company_55,Systems Administrator II,Xufeng,14/04/2016
422,student_422,Hiring Partner,Male,36,company_55,Staff Scientist,Khrenovoye,10/09/2016
423,student_423,Hiring Partner,Female,34,company_55,Dental Hygienist,Shanhe,10/06/2018
424,student_424,Hiring Partner,Male,36,company_55,Assistant Manager,Awilega,17/04/2019
425,student_425,Hiring Partner,Male,51,company_55,Nurse,Laojunmiao,01/02/2019
426,student_426,Hiring Partner,Male,36,company_55,Technical Writer,Orekhovo-Zuyevo,15/05/2018
427,student_427,Non Partner,Male,24,company_193,Developer IV,Bonak,20/07/2016
428,student_428,Hiring Partner,Female,33,company_112,Assistant Professor,Macapá,09/04/2016
429,student_429,Hiring Partner,Female,31,company_112,Environmental Specialist,Eindhoven,29/10/2016
430,student_430,Non Partner,Male,31,company_122,Sales Representative,Cernay,26/01/2019
431,student_431,Non Partner,Female,24,NA,Systems Administrator II,Al Aḩmadī,26/11/2017
432,student_432,Hiring Partner,Female,30,company_151,Librarian,Mataguži,13/04/2019
433,student_433,Hiring Partner,Male,33,company_151,Automation Specialist I,Novopokrovka,28/03/2017
434,student_434,Hiring Partner,Female,38,company_151,Automation Specialist II,Borlänge,01/08/2018
435,student_435,Non Partner,Male,0,company_233,Systems Administrator I,Ranisoba,19/08/2017
436,student_436,Non Partner,Female,25,company_233,VP Accounting,Acevedo,03/01/2016
437,student_437,Non Partner,Male,27,company_233,Help Desk Operator,Rodotópi,19/03/2017
438,student_438,Non Partner,Male,29,company_233,Account Executive,Duancun,28/06/2018
439,student_439,Hiring Partner,Male,38,company_422,Quality Control Specialist,Dongluqiao,21/11/2018
440,student_440,Hiring Partner,Male,33,company_422,Analyst Programmer,Aco,20/02/2016
441,student_441,Hiring Partner,Female,4,company_58,Junior Executive,Fuhe,25/08/2017
442,student_442,Hiring Partner,Male,5,company_58,Assistant Manager,Górki Wielkie,13/01/2017
443,student_443,Hiring Partner,Male,25,company_58,Senior Sales Associate,Lerum,13/02/2016
444,student_444,Hiring Partner,Female,25,company_58,Design Engineer,Pingkai,27/02/2018
445,student_445,Hiring Partner,Female,48,company_58,Social Worker,Niška Banja,22/08/2019
446,student_446,Hiring Partner,Male,32,company_58,Assistant Manager,Orlovskiy,17/06/2017
447,student_447,Hiring Partner,Male,33,company_58,Financial Advisor,Manaoag,07/11/2016
448,student_448,Hiring Partner,Male,34,company_57,Quality Engineer,Hepingjie,16/03/2016
449,student_449,Hiring Partner,Male,34,company_57,Administrative Assistant II,Chongwen,04/06/2017
450,student_450,Hiring Partner,Male,34,company_57,Account Executive,Oskarshamn,12/01/2018
451,student_451,Hiring Partner,Male,32,company_57,Teacher,Pleasant Point,09/09/2018
452,student_452,Hiring Partner,Female,50,company_57,Junior Executive,Nybro,31/07/2017
453,student_453,Hiring Partner,Male,43,company_57,Social Worker,Irecê,04/05/2019
454,student_454,Hiring Partner,Male,0,company_57,Graphic Designer,Spasskoye,31/03/2019
455,student_455,Hiring Partner,Male,42,company_57,Administrative Assistant II,Xuyong,09/12/2017
456,student_456,Hiring Partner,Male,32,company_57,Research Associate,Bianxiong,30/08/2018
457,student_457,Hiring Partner,Male,4,company_57,Marketing Assistant,Leer,13/12/2016
458,student_458,Hiring Partner,Female,31,company_57,Civil Engineer,Jinchuan,09/09/2017
459,student_459,Hiring Partner,Male,39,company_57,Recruiter,Zhuoshui,01/01/2016
460,student_460,Hiring Partner,Female,30,company_57,Librarian,Biito,23/06/2017
461,student_461,Hiring Partner,Male,31,company_57,Physical Therapy Assistant,Bronkhorstspruit,24/09/2016
462,student_462,Hiring Partner,Male,38,company_57,Web Developer I,Jiḩānah,10/08/2017
463,student_463,Hiring Partner,Female,31,company_496,Senior Quality Engineer,Sorang,05/04/2017
464,student_464,Hiring Partner,Female,29,company_496,Associate Professor,Colegiales,24/08/2017
465,student_465,Hiring Partner,Male,49,company_496,Safety Technician II,Huanshan,19/03/2019
466,student_466,Hiring Partner,Male,38,company_496,Quality Control Specialist,Castanhal,18/01/2018
467,student_467,Hiring Partner,Male,32,company_496,Clinical Specialist,Dongsheng,09/04/2016
468,student_468,Hiring Partner,Male,47,company_752,Software Consultant,Tallaght,21/03/2017
469,student_469,Hiring Partner,Male,35,company_752,Staff Accountant II,Gorzyce,01/06/2019
470,student_470,Hiring Partner,Male,37,company_752,VP Product Management,Malamig,12/08/2018
471,student_471,Hiring Partner,Male,31,company_469,Geologist II,Laguilayan,21/06/2017
472,student_472,Hiring Partner,Male,26,company_469,Accountant I,Kambar,10/08/2016
473,student_473,Hiring Partner,Female,0,company_469,Assistant Media Planner,Ōarai,06/07/2017
474,student_474,Hiring Partner,Male,35,company_469,Statistician I,San Juan,13/05/2018
475,student_475,Hiring Partner,Male,34,company_469,Payment Adjustment Coordinator,Karpokhórion,29/05/2019
476,student_476,Non Partner,Male,31,company_469,Biostatistician IV,Tver,21/01/2019
477,student_477,Non Partner,Female,41,company_790,Operator,Canavieiras,23/06/2018
478,student_478,Hiring Partner,Male,0,company_80,Environmental Tech,Makariv,29/09/2018
479,student_479,Hiring Partner,Male,40,company_80,Project Manager,Moca,28/01/2017
480,student_480,Hiring Partner,Female,0,company_80,Staff Accountant I,Shah Alam,30/03/2016
481,student_481,Non Partner,Male,40,company_141,Desktop Support Technician,Markaryd,21/02/2017
482,student_482,Non Partner,Male,47,company_141,Programmer I,Shahe,09/06/2019
483,student_483,Non Partner,Male,29,company_246,Marketing Assistant,Minian,01/07/2016
484,student_484,Non Partner,Male,28,company_246,Senior Sales Associate,Toulouse,02/04/2018
485,student_485,Hiring Partner,Female,0,company_61,Structural Engineer,Vakhrushi,12/04/2019
486,student_486,Hiring Partner,Male,0,company_61,Paralegal,Ueno,20/10/2017
487,student_487,Hiring Partner,Male,34,company_61,Programmer Analyst I,Vélizy-Villacoublay,29/12/2016
488,student_488,Hiring Partner,Male,34,company_61,Electrical Engineer,Trindade,25/10/2016
489,student_489,Hiring Partner,Male,30,company_88,Engineer III,Liverpool,20/01/2018
490,student_490,Hiring Partner,Male,0,company_241,Senior Quality Engineer,Stepanivka,29/07/2017
491,student_491,Non Partner,Male,30,company_630,Statistician I,Baloc,09/04/2018
492,student_492,Hiring Partner,Male,26,company_96,Social Worker,Panalanoy,25/11/2017
493,student_493,Hiring Partner,Male,33,company_62,Biostatistician II,Jamaica,03/10/2016
494,student_494,Hiring Partner,Male,35,company_62,Budget/Accounting Analyst III,Güines,22/12/2016
495,student_495,Hiring Partner,Male,27,company_62,Budget/Accounting Analyst II,Bantuanon,03/04/2017
496,student_496,Hiring Partner,Male,28,company_62,Systems Administrator II,Trondheim,10/01/2019
497,student_497,Hiring Partner,Male,47,company_62,Structural Analysis Engineer,Santa Cruz de la Sierra,22/03/2019
498,student_498,Hiring Partner,Male,31,company_62,Biostatistician IV,Vithkuq,01/03/2019
499,student_499,Non Partner,Male,25,NA,Programmer Analyst I,Kipen’,26/07/2016
500,student_500,Non Partner,Male,36,company_247,Financial Advisor,Heshang,19/08/2016
501,student_501,Hiring Partner,Female,29,company_165,Chief Design Engineer,Wenchun,06/07/2018
502,student_502,Hiring Partner,Female,26,company_165,Statistician III,Cocachacra,29/04/2017
503,student_503,Hiring Partner,Male,42,company_165,Quality Control Specialist,Luleå,14/06/2019
504,student_504,Non Partner,Male,25,company_258,Accounting Assistant III,Kagadi,11/01/2016
505,student_505,Non Partner,Male,32,company_258,Administrative Assistant I,Dvinskoy,12/06/2018
506,student_506,Non Partner,Male,34,company_258,Quality Engineer,Sinubong,19/10/2016
507,student_507,Hiring Partner,Male,30,company_426,Office Assistant I,Zhangjiafang,03/09/2017
508,student_508,Non Partner,Male,41,company_259,Chemical Engineer,Bayasgalant,07/05/2019
509,student_509,Non Partner,Male,35,company_234,Web Designer II,Trzcianka,16/07/2019
510,student_510,Hiring Partner,Female,37,company_235,Design Engineer,Nyköping,21/07/2018
511,student_511,Non Partner,Male,45,company_550,Environmental Tech,Dulce Nombre de Culmí,15/09/2016
512,student_512,Non Partner,Female,34,company_550,Chemical Engineer,Puyehue,19/09/2016
513,student_513,Hiring Partner,Male,28,company_64,Occupational Therapist,Corail,16/03/2019
514,student_514,Hiring Partner,Male,27,company_64,Automation Specialist III,Zhongdong,09/07/2019
515,student_515,Hiring Partner,Male,27,company_129,GIS Technical Architect,Hunkuyi,24/03/2019
516,student_516,Hiring Partner,Male,26,company_435,Senior Quality Engineer,Notre-Dame-de-l'Île-Perrot,06/07/2018
517,student_517,Hiring Partner,Female,34,company_435,Project Manager,Pingdu,14/02/2018
518,student_518,Hiring Partner,Male,32,company_435,Human Resources Manager,Dongdu,29/01/2016
519,student_519,Hiring Partner,Male,28,company_94,Information Systems Manager,Volgodonsk,22/05/2016
520,student_520,Hiring Partner,Male,33,company_94,Actuary,Polo,21/10/2016
521,student_521,Hiring Partner,Male,30,company_94,Teacher,Carpalho,26/04/2017
522,student_522,Hiring Partner,Male,34,company_138,Sales Associate,Hollola,08/08/2019
523,student_523,Hiring Partner,Female,31,company_138,Administrative Officer,Beranci,20/02/2016
524,student_524,Non Partner,Male,38,NA,Junior Executive,Obolensk,08/01/2018
525,student_525,Hiring Partner,Male,32,company_66,Media Manager III,Dagushan,28/07/2017
526,student_526,Hiring Partner,Male,30,company_66,VP Product Management,Veiros,26/07/2018
527,student_527,Hiring Partner,Male,37,company_66,VP Accounting,Rääkkylä,25/02/2016
528,student_528,Hiring Partner,Male,27,company_66,Office Assistant I,Suishan,02/07/2016
529,student_529,Hiring Partner,Female,33,company_66,Structural Engineer,Powidz,08/08/2017
530,student_530,Hiring Partner,Male,36,company_66,Statistician III,Stettler,10/02/2018
531,student_531,Hiring Partner,Male,28,company_66,Recruiter,Johanneshov,08/03/2018
532,student_532,Hiring Partner,Male,30,company_66,Project Manager,Nizhnepavlovka,05/01/2017
533,student_533,Hiring Partner,Male,0,company_66,Engineer III,Mahalapye,04/07/2016
534,student_534,Hiring Partner,Male,0,company_66,VP Sales,Dorupare,30/04/2017
535,student_535,Hiring Partner,Female,39,company_66,Legal Assistant,Kaiyun,22/07/2018
536,student_536,Hiring Partner,Male,31,company_66,Analog Circuit Design manager,Haodi,01/10/2019
537,student_537,Hiring Partner,Male,30,company_66,Help Desk Technician,Las Vegas,10/04/2016
538,student_538,Hiring Partner,Male,24,company_66,Sales Representative,Sanchang,27/03/2016
539,student_539,Hiring Partner,Male,29,company_66,Chemical Engineer,Salinas,09/04/2017
540,student_540,Hiring Partner,Female,38,company_66,Assistant Manager,Sievi,12/02/2017
541,student_541,Hiring Partner,Male,31,company_66,Assistant Professor,Rudna,15/08/2016
542,student_542,Hiring Partner,Male,44,company_66,Payment Adjustment Coordinator,Candelaria,02/02/2017
543,student_543,Hiring Partner,Male,35,company_66,Chemical Engineer,Gorē,23/07/2017
544,student_544,Hiring Partner,Female,36,company_66,Chief Design Engineer,Renko,26/07/2018
545,student_545,Hiring Partner,Male,38,company_66,Project Manager,Lai Cách,30/05/2017
546,student_546,Hiring Partner,Male,33,company_66,Food Chemist,Santa María Ixhuatán,19/08/2016
547,student_547,Hiring Partner,Male,39,company_66,Web Developer I,Puqian,12/02/2018
548,student_548,Hiring Partner,Male,37,company_66,Registered Nurse,Gaokan,31/03/2017
549,student_549,Hiring Partner,Male,38,company_66,Statistician III,Sipoholon,18/04/2016
550,student_550,Hiring Partner,Female,27,company_66,Senior Sales Associate,Orahovac,14/11/2016
551,student_551,Hiring Partner,Male,37,company_66,Automation Specialist IV,Antonina,03/03/2017
552,student_552,Hiring Partner,Female,43,company_66,Account Coordinator,Crespo,11/12/2016
553,student_553,Non Partner,Male,41,NA,Librarian,Zadní Mostek,17/03/2017
554,student_554,Non Partner,Male,29,company_265,VP Quality Control,Cambebba,04/03/2019
555,student_555,Hiring Partner,Male,25,company_248,Administrative Officer,Yidu,26/06/2017
556,student_556,Hiring Partner,Male,44,company_150,Community Outreach Specialist,Abovyan,02/11/2018
557,student_557,Non Partner,Male,40,company_231,Senior Quality Engineer,Fuhai,06/09/2016
558,student_558,Non Partner,Female,37,company_231,General Manager,Boguchar,16/07/2017
559,student_559,Non Partner,Female,34,company_231,Office Assistant I,Cipolletti,02/10/2018
560,student_560,Non Partner,Female,43,company_231,Web Designer IV,Pasongsongan,16/01/2017
561,student_561,Non Partner,Male,27,company_231,Financial Advisor,Marseille,19/03/2018
562,student_562,Non Partner,Male,30,company_231,Office Assistant II,Katuli,17/12/2017
563,student_563,Non Partner,Male,47,company_231,Administrative Officer,Mórrope,23/03/2017
564,student_564,Non Partner,Male,38,company_243,Health Coach I,Lidečko,07/09/2016
565,student_565,Non Partner,Male,28,company_243,Assistant Manager,Rundeng,29/08/2018
566,student_566,Hiring Partner,Male,29,company_835,Health Coach II,Colotenango,01/09/2017
567,student_567,Non Partner,Female,28,company_268,Librarian,Karangtengah,09/10/2017
568,student_568,Hiring Partner,Female,35,company_134,Marketing Assistant,Sidi Amar,07/04/2019
569,student_569,Hiring Partner,Male,32,company_134,General Manager,Zeqin,09/07/2017
570,student_570,Non Partner,Male,35,company_240,Senior Developer,Santa Cruz del Norte,03/04/2017
571,student_571,Non Partner,Male,41,NA,Financial Advisor,Ústí nad Labem,26/02/2017
572,student_572,Hiring Partner,Male,24,company_149,Technical Writer,Karangdawa Barat,02/07/2017
573,student_573,Hiring Partner,Male,26,company_149,Information Systems Manager,Aleksandrów,08/12/2016
574,student_574,Non Partner,Female,37,company_623,Office Assistant I,Vnorovy,27/07/2019
575,student_575,Non Partner,Female,25,company_595,Geological Engineer,Akonolinga,16/03/2019
576,student_576,Hiring Partner,Female,26,company_464,Electrical Engineer,Batan,04/03/2016
577,student_577,Hiring Partner,Male,27,company_113,VP Accounting,Vykhino-Zhulebino,09/12/2018
578,student_578,Hiring Partner,Male,28,company_612,Community Outreach Specialist,Flagstaff,24/05/2018
579,student_579,Non Partner,Female,26,company_252,Nurse Practicioner,Huangdimiao,29/03/2019
580,student_580,Hiring Partner,Male,29,company_127,Senior Sales Associate,Opatovice nad Labem,27/10/2018
581,student_581,Hiring Partner,Female,29,company_127,Food Chemist,Messina,25/03/2017
582,student_582,Hiring Partner,Male,29,company_127,Editor,Sarbīsheh,24/05/2019
583,student_583,Hiring Partner,Male,34,company_127,Technical Writer,Singaraja,10/11/2016
584,student_584,Hiring Partner,Male,29,company_127,Speech Pathologist,Skore,13/10/2018
585,student_585,Hiring Partner,Female,23,company_127,Information Systems Manager,Fengshuling,09/12/2018
586,student_586,Non Partner,Male,48,company_580,Chemical Engineer,Liaozhong,01/01/2018
587,student_587,Non Partner,Male,34,company_580,Structural Analysis Engineer,Bronx,26/01/2018
588,student_588,Hiring Partner,Male,3,company_266,VP Accounting,Mangga Dua,11/09/2019
589,student_589,Hiring Partner,Male,28,company_266,Research Associate,Kanaya,22/05/2019
590,student_590,Hiring Partner,Female,49,company_266,Professor,Budagovo,09/01/2017
591,student_591,Hiring Partner,Female,26,company_681,Tax Accountant,Bantu,24/01/2016
592,student_592,Hiring Partner,Male,34,company_681,Actuary,Korçë,03/08/2016
593,student_593,Hiring Partner,Female,31,company_70,Accountant I,Xikou,15/03/2018
594,student_594,Hiring Partner,Female,34,company_70,Nurse,Konibodom,01/08/2016
595,student_595,Hiring Partner,Male,32,company_70,Associate Professor,Lengkongbarang,22/06/2017
596,student_596,Non Partner,Male,4,company_617,Occupational Therapist,Khakhea,28/05/2019
597,student_597,Hiring Partner,Male,27,company_121,Dental Hygienist,Sena Madureira,27/02/2019
598,student_598,Hiring Partner,Female,42,company_121,Paralegal,Las Varas,04/03/2017
599,student_599,Hiring Partner,Male,29,company_121,Quality Engineer,Oke Iho,14/03/2017
600,student_600,Hiring Partner,Male,26,company_121,Staff Accountant III,Cabuyaro,19/11/2017
601,student_601,Hiring Partner,Female,26,company_121,Librarian,Chamalières,29/01/2019
602,student_602,Non Partner,Male,36,NA,VP Accounting,Noenoni,27/01/2016
603,student_603,Hiring Partner,Male,0,company_71,Database Administrator III,Villaba,22/01/2017
604,student_604,Hiring Partner,Male,30,company_846,Information Systems Manager,Nova Era,25/12/2016
605,student_605,Hiring Partner,Female,23,company_846,Research Associate,Oekero,20/01/2018
606,student_606,Hiring Partner,Male,4,company_72,Information Systems Manager,Kotayk’,14/08/2016
607,student_607,Hiring Partner,Female,31,company_477,Administrative Assistant III,Sydney,22/02/2018
608,student_608,Hiring Partner,Female,30,company_73,Pharmacist,Néa Kíos,24/01/2017
609,student_609,Hiring Partner,Male,0,company_73,Account Executive,Leuwihalang,10/08/2019
610,student_610,Hiring Partner,Female,30,company_73,Programmer II,Kokkónion,12/07/2016
611,student_611,Hiring Partner,Male,28,company_73,Nurse,Yubileyny,13/08/2019
612,student_612,Non Partner,Male,28,company_187,Desktop Support Technician,Alangalang,25/06/2016
613,student_613,Non Partner,Male,40,company_606,Media Manager I,Motala,06/10/2016
614,student_614,Non Partner,Male,42,company_206,Mechanical Systems Engineer,Bandundu,16/02/2018
615,student_615,Non Partner,Male,30,company_206,VP Quality Control,Lourdes,18/01/2018
616,student_616,Hiring Partner,Male,30,company_76,Budget/Accounting Analyst III,Aroa,26/12/2016
617,student_617,Hiring Partner,Male,44,company_79,Media Manager III,Ōmihachiman,02/05/2019
618,student_618,Hiring Partner,Male,25,company_79,Staff Accountant III,Hancheng,20/01/2016
619,student_619,Hiring Partner,Female,25,company_79,Electrical Engineer,Pagaden,24/05/2019
620,student_620,Hiring Partner,Male,40,company_166,Web Designer IV,Karangnunggal,10/06/2018
621,student_621,Non Partner,Male,31,company_597,Software Test Engineer I,Jayanca,25/09/2017
622,student_622,Hiring Partner,Female,40,company_74,Social Worker,Huangtugang,16/04/2018
623,student_623,Hiring Partner,Male,33,company_74,VP Product Management,Nozdrzec,13/04/2019
624,student_624,Hiring Partner,Female,27,company_74,VP Accounting,Neuss,30/07/2017
625,student_625,Hiring Partner,Female,37,company_74,Editor,Dūāb,14/08/2018
626,student_626,Hiring Partner,Male,29,company_74,Systems Administrator I,Rasony,16/12/2018
627,student_627,Hiring Partner,Female,30,company_74,Assistant Media Planner,Bantul,08/07/2017
628,student_628,Hiring Partner,Male,32,company_74,VP Accounting,Kälviä,29/06/2019
629,student_629,Hiring Partner,Female,31,company_74,Business Systems Development Analyst,Fengping,19/02/2018
630,student_630,Hiring Partner,Female,25,company_74,VP Product Management,Kampen (Overijssel),31/07/2017
631,student_631,Hiring Partner,Male,28,company_74,Nuclear Power Engineer,Sanok,22/03/2017
632,student_632,Hiring Partner,Male,29,company_74,Help Desk Technician,Goim,20/02/2018
633,student_633,Hiring Partner,Male,41,company_74,Social Worker,Risaralda,08/03/2018
634,student_634,Hiring Partner,Male,32,company_74,Database Administrator II,Sopron,23/06/2019
635,student_635,Hiring Partner,Female,29,company_74,Compensation Analyst,Morales,22/10/2017
636,student_636,Non Partner,Male,27,NA,Research Nurse,Los Angeles,17/06/2017
637,student_637,NA,NA,NA,NA,Structural Analysis Engineer,Xuanzhou,14/09/2017
638,student_638,Nikki Foxx,NA,NA,NA,Senior Sales Associate,Providence,21/10/2017
639,student_639,18/09/2019 12:28 PM,NA,NA,NA,Recruiter,Balky,31/05/2018
